"job_title","salary_in_usd"
"Analytics Engineer",230000
"Analytics Engineer",143200
"Analytics Engineer",152500
"Analytics Engineer",116450
"Analytics Engineer",289800
"Analytics Engineer",214000
"Analytics Engineer",179820
"Analytics Engineer",143860
"Analytics Engineer",289800
"Analytics Engineer",214200
"Analytics Engineer",230000
"Analytics Engineer",143200
"Analytics Engineer",150000
"Analytics Engineer",120000
"Analytics Engineer",190000
"Analytics Engineer",112000
"Analytics Engineer",152900
"Analytics Engineer",117100
"Analytics Engineer",173000
"Analytics Engineer",113000
"Analytics Engineer",221000
"Analytics Engineer",153000
"Analytics Engineer",179820
"Analytics Engineer",143860
"Analytics Engineer",179820
"Analytics Engineer",143860
"Analytics Engineer",130000
"Analytics Engineer",87000
"Analytics Engineer",275300
"Analytics Engineer",183500
"Analytics Engineer",185700
"Analytics Engineer",165000
"Analytics Engineer",170000
"Analytics Engineer",130000
"Analytics Engineer",150000
"Analytics Engineer",120000
"Analytics Engineer",197000
"Analytics Engineer",106000
"Analytics Engineer",175000
"Analytics Engineer",140000
"Analytics Engineer",200000
"Analytics Engineer",175000
"Analytics Engineer",231250
"Analytics Engineer",138750
"Analytics Engineer",207000
"Analytics Engineer",167000
"Analytics Engineer",122500
"Analytics Engineer",100000
"Analytics Engineer",170000
"Analytics Engineer",125000
"Analytics Engineer",135000
"Analytics Engineer",110000
"Analytics Engineer",104663
"Analytics Engineer",73880
"Analytics Engineer",193750
"Analytics Engineer",116250
"Analytics Engineer",231250
"Analytics Engineer",138750
"Analytics Engineer",231250
"Analytics Engineer",138750
"Analytics Engineer",103432
"Analytics Engineer",92350
"Analytics Engineer",210000
"Analytics Engineer",157000
"Analytics Engineer",78000
"Analytics Engineer",48000
"Analytics Engineer",150000
"Analytics Engineer",120000
"Analytics Engineer",108000
"Analytics Engineer",85000
"Analytics Engineer",130000
"Analytics Engineer",110000
"Analytics Engineer",130000
"Analytics Engineer",110000
"Analytics Engineer",190000
"Analytics Engineer",140000
"Analytics Engineer",122500
"Analytics Engineer",100000
"Analytics Engineer",165000
"Analytics Engineer",140250
"Analytics Engineer",102663
"Analytics Engineer",80041
"Analytics Engineer",250000
"Analytics Engineer",63000
"Analytics Engineer",250000
"Analytics Engineer",63000
"Analytics Engineer",245000
"Analytics Engineer",180000
"Analytics Engineer",203500
"Analytics Engineer",152000
"Analytics Engineer",200000
"Analytics Engineer",150000
"Analytics Engineer",170000
"Analytics Engineer",135000
"Analytics Engineer",48000
"Analytics Engineer",200000
"Analytics Engineer",54000
"Analytics Engineer",130000
"Analytics Engineer",175000
"Analytics Engineer",135000
"Analytics Engineer",205300
"Analytics Engineer",184700
"Data Analyst",130000
"Data Analyst",100000
"Data Analyst",150000
"Data Analyst",110000
"Data Analyst",105380
"Data Analyst",64500
"Data Analyst",202800
"Data Analyst",104300
"Data Analyst",145000
"Data Analyst",65000
"Data Analyst",75000
"Data Analyst",70000
"Data Analyst",204500
"Data Analyst",138900
"Data Analyst",46178
"Data Analyst",42533
"Data Analyst",168400
"Data Analyst",105200
"Data Analyst",85000
"Data Analyst",75000
"Data Analyst",120000
"Data Analyst",75000
"Data Analyst",140000
"Data Analyst",120000
"Data Analyst",135000
"Data Analyst",105500
"Data Analyst",80000
"Data Analyst",70000
"Data Analyst",200000
"Data Analyst",148500
"Data Analyst",149500
"Data Analyst",127075
"Data Analyst",187000
"Data Analyst",128000
"Data Analyst",142000
"Data Analyst",75000
"Data Analyst",125000
"Data Analyst",112000
"Data Analyst",139000
"Data Analyst",106000
"Data Analyst",40663
"Data Analyst",140000
"Data Analyst",120000
"Data Analyst",175000
"Data Analyst",135000
"Data Analyst",90000
"Data Analyst",75000
"Data Analyst",155000
"Data Analyst",106000
"Data Analyst",105000
"Data Analyst",90000
"Data Analyst",135000
"Data Analyst",105500
"Data Analyst",80000
"Data Analyst",70000
"Data Analyst",64200
"Data Analyst",56100
"Data Analyst",208450
"Data Analyst",170550
"Data Analyst",153600
"Data Analyst",100500
"Data Analyst",182500
"Data Analyst",121500
"Data Analyst",72914
"Data Analyst",54685
"Data Analyst",100000
"Data Analyst",80000
"Data Analyst",175000
"Data Analyst",145000
"Data Analyst",148700
"Data Analyst",125600
"Data Analyst",185000
"Data Analyst",120250
"Data Analyst",208049
"Data Analyst",128500
"Data Analyst",190000
"Data Analyst",95000
"Data Analyst",153600
"Data Analyst",106800
"Data Analyst",128000
"Data Analyst",85000
"Data Analyst",135000
"Data Analyst",105500
"Data Analyst",100000
"Data Analyst",80000
"Data Analyst",154000
"Data Analyst",143000
"Data Analyst",85000
"Data Analyst",75000
"Data Analyst",83500
"Data Analyst",52500
"Data Analyst",165000
"Data Analyst",140000
"Data Analyst",180180
"Data Analyst",106020
"Data Analyst",153600
"Data Analyst",100500
"Data Analyst",206500
"Data Analyst",121600
"Data Analyst",95000
"Data Analyst",70000
"Data Analyst",115934
"Data Analyst",81666
"Data Analyst",206000
"Data Analyst",130000
"Data Analyst",110000
"Data Analyst",75000
"Data Analyst",160000
"Data Analyst",112000
"Data Analyst",100000
"Data Analyst",85000
"Data Analyst",185000
"Data Analyst",120250
"Data Analyst",70000
"Data Analyst",55000
"Data Analyst",75000
"Data Analyst",65000
"Data Analyst",180180
"Data Analyst",106020
"Data Analyst",75000
"Data Analyst",60000
"Data Analyst",169000
"Data Analyst",110600
"Data Analyst",250000
"Data Analyst",138000
"Data Analyst",130000
"Data Analyst",100000
"Data Analyst",127000
"Data Analyst",94000
"Data Analyst",161500
"Data Analyst",119500
"Data Analyst",175000
"Data Analyst",145000
"Data Analyst",185900
"Data Analyst",121700
"Data Analyst",153600
"Data Analyst",106800
"Data Analyst",100000
"Data Analyst",125000
"Data Analyst",110000
"Data Analyst",150000
"Data Analyst",100000
"Data Analyst",97218
"Data Analyst",48609
"Data Analyst",95000
"Data Analyst",85500
"Data Analyst",185900
"Data Analyst",121700
"Data Analyst",120000
"Data Analyst",75000
"Data Analyst",78990
"Data Analyst",43809
"Data Analyst",180000
"Data Analyst",110000
"Data Analyst",85000
"Data Analyst",75000
"Data Analyst",145000
"Data Analyst",90000
"Data Analyst",95000
"Data Analyst",85500
"Data Analyst",30000
"Data Analyst",34320
"Data Analyst",175000
"Data Analyst",130000
"Data Analyst",122000
"Data Analyst",93800
"Data Analyst",165000
"Data Analyst",112000
"Data Analyst",15806
"Data Analyst",185900
"Data Analyst",121700
"Data Analyst",180180
"Data Analyst",106020
"Data Analyst",125000
"Data Analyst",110000
"Data Analyst",152380
"Data Analyst",121904
"Data Analyst",170500
"Data Analyst",85000
"Data Analyst",179975
"Data Analyst",86466
"Data Analyst",169000
"Data Analyst",110600
"Data Analyst",230000
"Data Analyst",180000
"Data Analyst",153600
"Data Analyst",106800
"Data Analyst",165000
"Data Analyst",125000
"Data Analyst",95000
"Data Analyst",85500
"Data Analyst",110000
"Data Analyst",80000
"Data Analyst",55000
"Data Analyst",48000
"Data Analyst",95000
"Data Analyst",85000
"Data Analyst",80000
"Data Analyst",60000
"Data Analyst",142000
"Data Analyst",95000
"Data Analyst",17779
"Data Analyst",120000
"Data Analyst",75000
"Data Analyst",169000
"Data Analyst",110600
"Data Analyst",75000
"Data Analyst",60000
"Data Analyst",227000
"Data Analyst",108000
"Data Analyst",55800
"Data Analyst",51508
"Data Analyst",60000
"Data Analyst",50000
"Data Analyst",80000
"Data Analyst",52500
"Data Analyst",85000
"Data Analyst",75000
"Data Analyst",153600
"Data Analyst",106800
"Data Analyst",165000
"Data Analyst",124000
"Data Analyst",115934
"Data Analyst",81666
"Data Analyst",125000
"Data Analyst",105000
"Data Analyst",109371
"Data Analyst",85066
"Data Analyst",55000
"Data Analyst",48000
"Data Analyst",100000
"Data Analyst",385000
"Data Analyst",60000
"Data Analyst",110000
"Data Analyst",95000
"Data Analyst",180180
"Data Analyst",106020
"Data Analyst",93919
"Data Analyst",51962
"Data Analyst",192500
"Data Analyst",140000
"Data Analyst",60761
"Data Analyst",54685
"Data Analyst",130000
"Data Analyst",100000
"Data Analyst",153600
"Data Analyst",106800
"Data Analyst",150000
"Data Analyst",100000
"Data Analyst",180180
"Data Analyst",106020
"Data Analyst",122000
"Data Analyst",94000
"Data Analyst",175000
"Data Analyst",145000
"Data Analyst",103200
"Data Analyst",61200
"Data Analyst",130000
"Data Analyst",87000
"Data Analyst",160000
"Data Analyst",108000
"Data Analyst",30000
"Data Analyst",206000
"Data Analyst",160000
"Data Analyst",109000
"Data Analyst",79000
"Data Analyst",160000
"Data Analyst",125600
"Data Analyst",141290
"Data Analyst",74178
"Data Analyst",80000
"Data Analyst",52500
"Data Analyst",90000
"Data Analyst",80000
"Data Analyst",150000
"Data Analyst",100000
"Data Analyst",51508
"Data Analyst",40777
"Data Analyst",51508
"Data Analyst",40777
"Data Analyst",120000
"Data Analyst",100000
"Data Analyst",145000
"Data Analyst",102500
"Data Analyst",135000
"Data Analyst",105500
"Data Analyst",78990
"Data Analyst",43809
"Data Analyst",116000
"Data Analyst",72000
"Data Analyst",120000
"Data Analyst",80000
"Data Analyst",150000
"Data Analyst",100000
"Data Analyst",240500
"Data Analyst",137500
"Data Analyst",25216
"Data Analyst",125000
"Data Analyst",85000
"Data Analyst",130000
"Data Analyst",80000
"Data Analyst",155000
"Data Analyst",64000
"Data Analyst",14307
"Data Analyst",150000
"Data Analyst",100000
"Data Analyst",150000
"Data Analyst",100000
"Data Analyst",150000
"Data Analyst",100000
"Data Analyst",149000
"Data Analyst",119000
"Data Analyst",75000
"Data Analyst",60000
"Data Analyst",120000
"Data Analyst",95000
"Data Analyst",150000
"Data Analyst",100000
"Data Analyst",115934
"Data Analyst",81666
"Data Analyst",55000
"Data Analyst",48000
"Data Analyst",127000
"Data Analyst",104000
"Data Analyst",102640
"Data Analyst",66100
"Data Analyst",150000
"Data Analyst",100000
"Data Analyst",115934
"Data Analyst",81666
"Data Analyst",430967
"Data Analyst",55410
"Data Analyst",50432
"Data Analyst",39925
"Data Analyst",169000
"Data Analyst",110600
"Data Analyst",75000
"Data Analyst",60000
"Data Analyst",50000
"Data Analyst",166700
"Data Analyst",119000
"Data Analyst",100000
"Data Analyst",65000
"Data Analyst",16904
"Data Analyst",50000
"Data Analyst",150000
"Data Analyst",100000
"Data Analyst",115934
"Data Analyst",81666
"Data Analyst",120000
"Data Analyst",95000
"Data Analyst",201000
"Data Analyst",89200
"Data Analyst",192500
"Data Analyst",140000
"Data Analyst",65000
"Data Analyst",55000
"Data Analyst",115000
"Data Analyst",171000
"Data Analyst",150000
"Data Analyst",100000
"Data Analyst",165000
"Data Analyst",124000
"Data Analyst",169000
"Data Analyst",110600
"Data Analyst",116000
"Data Analyst",96000
"Data Analyst",92350
"Data Analyst",70186
"Data Analyst",105000
"Data Analyst",70000
"Data Analyst",100000
"Data Analyst",70000
"Data Analyst",130000
"Data Analyst",100000
"Data Analyst",160000
"Data Analyst",109000
"Data Analyst",206000
"Data Analyst",160000
"Data Analyst",150000
"Data Analyst",100000
"Data Analyst",169000
"Data Analyst",110600
"Data Analyst",80000
"Data Analyst",130000
"Data Analyst",100000
"Data Analyst",165000
"Data Analyst",124000
"Data Analyst",150000
"Data Analyst",100000
"Data Analyst",100000
"Data Analyst",65000
"Data Analyst",177000
"Data Analyst",131000
"Data Analyst",169000
"Data Analyst",110600
"Data Analyst",150000
"Data Analyst",100000
"Data Analyst",110000
"Data Analyst",95000
"Data Analyst",169000
"Data Analyst",110600
"Data Analyst",115934
"Data Analyst",81666
"Data Analyst",154560
"Data Analyst",123648
"Data Analyst",130000
"Data Analyst",100000
"Data Analyst",130000
"Data Analyst",105000
"Data Analyst",206000
"Data Analyst",160000
"Data Analyst",109000
"Data Analyst",79000
"Data Analyst",160000
"Data Analyst",109000
"Data Analyst",127000
"Data Analyst",110000
"Data Analyst",169000
"Data Analyst",110600
"Data Analyst",150000
"Data Analyst",100000
"Data Analyst",120000
"Data Analyst",95000
"Data Analyst",64000
"Data Analyst",150000
"Data Analyst",127000
"Data Analyst",166700
"Data Analyst",119000
"Data Analyst",130000
"Data Analyst",100000
"Data Analyst",80000
"Data Analyst",52500
"Data Analyst",135000
"Data Analyst",100000
"Data Analyst",125404
"Data Analyst",80000
"Data Analyst",52500
"Data Analyst",50432
"Data Analyst",36773
"Data Analyst",150000
"Data Analyst",95000
"Data Analyst",175950
"Data Analyst",130050
"Data Analyst",236600
"Data Analyst",89200
"Data Analyst",169000
"Data Analyst",110600
"Data Analyst",85000
"Data Analyst",65000
"Data Analyst",169000
"Data Analyst",110600
"Data Analyst",139600
"Data Analyst",85700
"Data Analyst",115000
"Data Analyst",95000
"Data Analyst",105000
"Data Analyst",62000
"Data Analyst",115934
"Data Analyst",81666
"Data Analyst",50432
"Data Analyst",36773
"Data Analyst",90000
"Data Analyst",42028
"Data Analyst",20000
"Data Analyst",99750
"Data Analyst",68400
"Data Analyst",110000
"Data Analyst",99000
"Data Analyst",50432
"Data Analyst",36773
"Data Analyst",144000
"Data Analyst",113000
"Data Analyst",7799
"Data Analyst",136000
"Data Analyst",112000
"Data Analyst",97500
"Data Analyst",6359
"Data Analyst",115000
"Data Analyst",46000
"Data Analyst",113000
"Data Analyst",216200
"Data Analyst",144100
"Data Analyst",117000
"Data Analyst",99450
"Data Analyst",86193
"Data Analyst",61566
"Data Analyst",175000
"Data Analyst",130000
"Data Analyst",5723
"Data Analyst",216200
"Data Analyst",144100
"Data Analyst",150000
"Data Analyst",55000
"Data Analyst",130000
"Data Analyst",28368
"Data Analyst",128875
"Data Analyst",93700
"Data Analyst",136260
"Data Analyst",109280
"Data Analyst",117000
"Data Analyst",99450
"Data Analyst",150075
"Data Analyst",110925
"Data Analyst",22809
"Data Analyst",112900
"Data Analyst",90320
"Data Analyst",112900
"Data Analyst",90320
"Data Analyst",115934
"Data Analyst",81666
"Data Analyst",164000
"Data Analyst",132000
"Data Analyst",128875
"Data Analyst",93700
"Data Analyst",49253
"Data Analyst",36940
"Data Analyst",42026
"Data Analyst",31520
"Data Analyst",42026
"Data Analyst",31520
"Data Analyst",58000
"Data Analyst",58000
"Data Analyst",124190
"Data Analyst",90320
"Data Analyst",126500
"Data Analyst",106260
"Data Analyst",116000
"Data Analyst",99000
"Data Analyst",155000
"Data Analyst",120600
"Data Analyst",102100
"Data Analyst",84900
"Data Analyst",130000
"Data Analyst",110000
"Data Analyst",170000
"Data Analyst",135000
"Data Analyst",130000
"Data Analyst",61300
"Data Analyst",130000
"Data Analyst",61300
"Data Analyst",167000
"Data Analyst",115500
"Data Analyst",112900
"Data Analyst",90320
"Data Analyst",112900
"Data Analyst",90320
"Data Analyst",136600
"Data Analyst",109280
"Data Analyst",116150
"Data Analyst",99050
"Data Analyst",112900
"Data Analyst",90320
"Data Analyst",85000
"Data Analyst",75000
"Data Analyst",115934
"Data Analyst",81666
"Data Analyst",61566
"Data Analyst",43096
"Data Analyst",80000
"Data Analyst",60000
"Data Analyst",170000
"Data Analyst",150000
"Data Analyst",67000
"Data Analyst",52000
"Data Analyst",129000
"Data Analyst",99000
"Data Analyst",100000
"Data Analyst",69000
"Data Analyst",150075
"Data Analyst",110925
"Data Analyst",126500
"Data Analyst",106260
"Data Analyst",105000
"Data Analyst",100000
"Data Analyst",170000
"Data Analyst",135000
"Data Analyst",135000
"Data Analyst",50000
"Data Analyst",20000
"Data Analyst",135000
"Data Analyst",90000
"Data Analyst",10354
"Data Analyst",50000
"Data Analyst",46759
"Data Analyst",90000
"Data Analyst",60000
"Data Analyst",59102
"Data Analyst",80000
"Data Analyst",80000
"Data Analyst",51519
"Data Analyst",93000
"Data Analyst",6072
"Data Analyst",91000
"Data Analyst",80000
"Data Analyst",200000
"Data Analyst",72000
"Data Analyst",63831
"Data Analyst",71786
"Data Analyst",85000
"Data Analyst",75000
"Data Analyst",62000
"Data Architect",280100
"Data Architect",168100
"Data Architect",180000
"Data Architect",115000
"Data Architect",200000
"Data Architect",115000
"Data Architect",250500
"Data Architect",159500
"Data Architect",180000
"Data Architect",155000
"Data Architect",167500
"Data Architect",106500
"Data Architect",170000
"Data Architect",125000
"Data Architect",167500
"Data Architect",106500
"Data Architect",149040
"Data Architect",113900
"Data Architect",376080
"Data Architect",213120
"Data Architect",138000
"Data Architect",92000
"Data Architect",149040
"Data Architect",113900
"Data Architect",188500
"Data Architect",117000
"Data Architect",168400
"Data Architect",105200
"Data Architect",228000
"Data Architect",120000
"Data Architect",198000
"Data Architect",114000
"Data Architect",180000
"Data Architect",160000
"Data Architect",180000
"Data Architect",115000
"Data Architect",200000
"Data Architect",115000
"Data Architect",174500
"Data Architect",113000
"Data Architect",174500
"Data Architect",113000
"Data Architect",174500
"Data Architect",113000
"Data Architect",180000
"Data Architect",115000
"Data Architect",174500
"Data Architect",113000
"Data Architect",174500
"Data Architect",113000
"Data Architect",170000
"Data Architect",110000
"Data Architect",190000
"Data Architect",135000
"Data Architect",149040
"Data Architect",113900
"Data Architect",190000
"Data Architect",135000
"Data Architect",235000
"Data Architect",175000
"Data Architect",192564
"Data Architect",144854
"Data Architect",210000
"Data Architect",136000
"Data Architect",128000
"Data Architect",81500
"Data Architect",345600
"Data Architect",230400
"Data Architect",225000
"Data Architect",66000
"Data Architect",180000
"Data Architect",160000
"Data Architect",190000
"Data Architect",135000
"Data Architect",195400
"Data Architect",131300
"Data Architect",195400
"Data Architect",131300
"Data Architect",190000
"Data Architect",135000
"Data Architect",190000
"Data Architect",135000
"Data Architect",149040
"Data Architect",113900
"Data Architect",141300
"Data Architect",102100
"Data Architect",250000
"Data Architect",63000
"Data Architect",250000
"Data Architect",63000
"Data Architect",208775
"Data Architect",147800
"Data Architect",192400
"Data Architect",90700
"Data Architect",266400
"Data Architect",213120
"Data Architect",192564
"Data Architect",144854
"Data Architect",170000
"Data Architect",150000
"Data Architect",180000
"Data Engineer",253200
"Data Engineer",90700
"Data Engineer",162500
"Data Engineer",130000
"Data Engineer",270703
"Data Engineer",221484
"Data Engineer",203300
"Data Engineer",123600
"Data Engineer",231500
"Data Engineer",166000
"Data Engineer",238000
"Data Engineer",176000
"Data Engineer",237000
"Data Engineer",201450
"Data Engineer",115000
"Data Engineer",81500
"Data Engineer",193500
"Data Engineer",139000
"Data Engineer",225000
"Data Engineer",175000
"Data Engineer",185000
"Data Engineer",140000
"Data Engineer",217000
"Data Engineer",185000
"Data Engineer",165000
"Data Engineer",132300
"Data Engineer",179170
"Data Engineer",94300
"Data Engineer",247300
"Data Engineer",133800
"Data Engineer",185900
"Data Engineer",129300
"Data Engineer",252000
"Data Engineer",129000
"Data Engineer",161800
"Data Engineer",141600
"Data Engineer",100000
"Data Engineer",70000
"Data Engineer",85000
"Data Engineer",65000
"Data Engineer",95000
"Data Engineer",75000
"Data Engineer",100000
"Data Engineer",70000
"Data Engineer",145000
"Data Engineer",115000
"Data Engineer",162500
"Data Engineer",130000
"Data Engineer",145000
"Data Engineer",120000
"Data Engineer",241000
"Data Engineer",155000
"Data Engineer",220000
"Data Engineer",190000
"Data Engineer",160000
"Data Engineer",140000
"Data Engineer",220000
"Data Engineer",205000
"Data Engineer",180000
"Data Engineer",130000
"Data Engineer",200000
"Data Engineer",150000
"Data Engineer",17022
"Data Engineer",128000
"Data Engineer",81500
"Data Engineer",145000
"Data Engineer",115000
"Data Engineer",185000
"Data Engineer",140000
"Data Engineer",145000
"Data Engineer",100000
"Data Engineer",145000
"Data Engineer",115000
"Data Engineer",85000
"Data Engineer",65000
"Data Engineer",220000
"Data Engineer",160000
"Data Engineer",240500
"Data Engineer",123700
"Data Engineer",175000
"Data Engineer",110000
"Data Engineer",219535
"Data Engineer",146115
"Data Engineer",179000
"Data Engineer",109000
"Data Engineer",145000
"Data Engineer",115000
"Data Engineer",85000
"Data Engineer",65000
"Data Engineer",222000
"Data Engineer",175000
"Data Engineer",221000
"Data Engineer",147000
"Data Engineer",150000
"Data Engineer",130000
"Data Engineer",240000
"Data Engineer",183600
"Data Engineer",250000
"Data Engineer",150000
"Data Engineer",145000
"Data Engineer",120000
"Data Engineer",200000
"Data Engineer",160000
"Data Engineer",85000
"Data Engineer",65000
"Data Engineer",125000
"Data Engineer",90000
"Data Engineer",146000
"Data Engineer",75000
"Data Engineer",203100
"Data Engineer",114500
"Data Engineer",252000
"Data Engineer",129000
"Data Engineer",92700
"Data Engineer",61800
"Data Engineer",160000
"Data Engineer",130000
"Data Engineer",146000
"Data Engineer",75000
"Data Engineer",59888
"Data Engineer",286000
"Data Engineer",207000
"Data Engineer",223250
"Data Engineer",178600
"Data Engineer",128000
"Data Engineer",81500
"Data Engineer",171250
"Data Engineer",113750
"Data Engineer",165000
"Data Engineer",132300
"Data Engineer",230000
"Data Engineer",124500
"Data Engineer",145000
"Data Engineer",115000
"Data Engineer",180000
"Data Engineer",165000
"Data Engineer",145000
"Data Engineer",120000
"Data Engineer",143865
"Data Engineer",115092
"Data Engineer",167500
"Data Engineer",106500
"Data Engineer",149600
"Data Engineer",102000
"Data Engineer",151000
"Data Engineer",140000
"Data Engineer",160000
"Data Engineer",145000
"Data Engineer",150000
"Data Engineer",111000
"Data Engineer",265000
"Data Engineer",235000
"Data Engineer",160000
"Data Engineer",130000
"Data Engineer",75000
"Data Engineer",60400
"Data Engineer",252000
"Data Engineer",129000
"Data Engineer",92700
"Data Engineer",61800
"Data Engineer",62000
"Data Engineer",58000
"Data Engineer",125000
"Data Engineer",90000
"Data Engineer",163800
"Data Engineer",126000
"Data Engineer",90000
"Data Engineer",90000
"Data Engineer",139500
"Data Engineer",109400
"Data Engineer",145000
"Data Engineer",120000
"Data Engineer",205600
"Data Engineer",105700
"Data Engineer",252000
"Data Engineer",129000
"Data Engineer",165000
"Data Engineer",132300
"Data Engineer",153600
"Data Engineer",106800
"Data Engineer",172600
"Data Engineer",107900
"Data Engineer",260000
"Data Engineer",225000
"Data Engineer",194500
"Data Engineer",115500
"Data Engineer",275000
"Data Engineer",160000
"Data Engineer",162500
"Data Engineer",130000
"Data Engineer",147100
"Data Engineer",90700
"Data Engineer",115100
"Data Engineer",73900
"Data Engineer",168400
"Data Engineer",105200
"Data Engineer",85066
"Data Engineer",57723
"Data Engineer",140000
"Data Engineer",95000
"Data Engineer",139500
"Data Engineer",109400
"Data Engineer",210914
"Data Engineer",116704
"Data Engineer",146000
"Data Engineer",75000
"Data Engineer",160000
"Data Engineer",130000
"Data Engineer",276000
"Data Engineer",178500
"Data Engineer",136956
"Data Engineer",101228
"Data Engineer",252000
"Data Engineer",129000
"Data Engineer",163800
"Data Engineer",126000
"Data Engineer",252000
"Data Engineer",129000
"Data Engineer",167500
"Data Engineer",106500
"Data Engineer",140000
"Data Engineer",120000
"Data Engineer",153600
"Data Engineer",106800
"Data Engineer",125000
"Data Engineer",90000
"Data Engineer",72000
"Data Engineer",60000
"Data Engineer",260000
"Data Engineer",175000
"Data Engineer",250000
"Data Engineer",175000
"Data Engineer",310000
"Data Engineer",239000
"Data Engineer",146000
"Data Engineer",75000
"Data Engineer",139500
"Data Engineer",109400
"Data Engineer",149600
"Data Engineer",102000
"Data Engineer",252000
"Data Engineer",129000
"Data Engineer",145000
"Data Engineer",125000
"Data Engineer",252000
"Data Engineer",129000
"Data Engineer",121500
"Data Engineer",78000
"Data Engineer",154000
"Data Engineer",116000
"Data Engineer",170000
"Data Engineer",140000
"Data Engineer",154000
"Data Engineer",116000
"Data Engineer",160000
"Data Engineer",130000
"Data Engineer",200000
"Data Engineer",120000
"Data Engineer",127599
"Data Engineer",103294
"Data Engineer",153600
"Data Engineer",106800
"Data Engineer",167500
"Data Engineer",106500
"Data Engineer",163800
"Data Engineer",126000
"Data Engineer",160000
"Data Engineer",130000
"Data Engineer",185900
"Data Engineer",129300
"Data Engineer",310000
"Data Engineer",239000
"Data Engineer",140000
"Data Engineer",100000
"Data Engineer",139500
"Data Engineer",109400
"Data Engineer",80000
"Data Engineer",65000
"Data Engineer",124740
"Data Engineer",65488
"Data Engineer",153600
"Data Engineer",106800
"Data Engineer",120000
"Data Engineer",90000
"Data Engineer",265000
"Data Engineer",185000
"Data Engineer",167580
"Data Engineer",87980
"Data Engineer",202000
"Data Engineer",135000
"Data Engineer",163800
"Data Engineer",126000
"Data Engineer",104000
"Data Engineer",65000
"Data Engineer",290000
"Data Engineer",210000
"Data Engineer",192000
"Data Engineer",172800
"Data Engineer",115447
"Data Engineer",137500
"Data Engineer",81500
"Data Engineer",144000
"Data Engineer",66000
"Data Engineer",180000
"Data Engineer",160000
"Data Engineer",259000
"Data Engineer",146000
"Data Engineer",200000
"Data Engineer",160000
"Data Engineer",310000
"Data Engineer",239000
"Data Engineer",140000
"Data Engineer",120000
"Data Engineer",259000
"Data Engineer",146000
"Data Engineer",139500
"Data Engineer",109400
"Data Engineer",125000
"Data Engineer",90000
"Data Engineer",120000
"Data Engineer",90000
"Data Engineer",230000
"Data Engineer",170000
"Data Engineer",180000
"Data Engineer",160000
"Data Engineer",180000
"Data Engineer",130000
"Data Engineer",226700
"Data Engineer",133300
"Data Engineer",252000
"Data Engineer",129000
"Data Engineer",250000
"Data Engineer",162500
"Data Engineer",167580
"Data Engineer",87980
"Data Engineer",250000
"Data Engineer",63000
"Data Engineer",124740
"Data Engineer",65488
"Data Engineer",213580
"Data Engineer",163625
"Data Engineer",235000
"Data Engineer",210000
"Data Engineer",160000
"Data Engineer",75000
"Data Engineer",250000
"Data Engineer",162500
"Data Engineer",241871
"Data Engineer",133832
"Data Engineer",210914
"Data Engineer",116704
"Data Engineer",128000
"Data Engineer",81500
"Data Engineer",66837
"Data Engineer",63192
"Data Engineer",284000
"Data Engineer",236000
"Data Engineer",66531
"Data Engineer",59020
"Data Engineer",26827
"Data Engineer",226700
"Data Engineer",133300
"Data Engineer",163800
"Data Engineer",126000
"Data Engineer",145000
"Data Engineer",115000
"Data Engineer",162500
"Data Engineer",130000
"Data Engineer",150000
"Data Engineer",107000
"Data Engineer",175000
"Data Engineer",110000
"Data Engineer",226700
"Data Engineer",133300
"Data Engineer",252000
"Data Engineer",129000
"Data Engineer",252000
"Data Engineer",129000
"Data Engineer",265000
"Data Engineer",182750
"Data Engineer",137500
"Data Engineer",81500
"Data Engineer",200000
"Data Engineer",145000
"Data Engineer",160000
"Data Engineer",135000
"Data Engineer",310000
"Data Engineer",239000
"Data Engineer",240000
"Data Engineer",170000
"Data Engineer",165000
"Data Engineer",107250
"Data Engineer",300000
"Data Engineer",119000
"Data Engineer",153000
"Data Engineer",94000
"Data Engineer",240500
"Data Engineer",123700
"Data Engineer",160000
"Data Engineer",90000
"Data Engineer",170000
"Data Engineer",120000
"Data Engineer",225000
"Data Engineer",140000
"Data Engineer",85000
"Data Engineer",75000
"Data Engineer",220000
"Data Engineer",160000
"Data Engineer",205600
"Data Engineer",107500
"Data Engineer",120000
"Data Engineer",95000
"Data Engineer",185900
"Data Engineer",129300
"Data Engineer",160000
"Data Engineer",130000
"Data Engineer",250000
"Data Engineer",175000
"Data Engineer",130000
"Data Engineer",75000
"Data Engineer",252000
"Data Engineer",129000
"Data Engineer",226700
"Data Engineer",133300
"Data Engineer",170000
"Data Engineer",150000
"Data Engineer",150000
"Data Engineer",130000
"Data Engineer",205600
"Data Engineer",105700
"Data Engineer",160000
"Data Engineer",135000
"Data Engineer",120000
"Data Engineer",95000
"Data Engineer",250000
"Data Engineer",63000
"Data Engineer",300000
"Data Engineer",130000
"Data Engineer",122000
"Data Engineer",94000
"Data Engineer",252000
"Data Engineer",129000
"Data Engineer",120000
"Data Engineer",95000
"Data Engineer",232200
"Data Engineer",167200
"Data Engineer",170000
"Data Engineer",114000
"Data Engineer",291500
"Data Engineer",180000
"Data Engineer",196200
"Data Engineer",150900
"Data Engineer",95000
"Data Engineer",80000
"Data Engineer",105000
"Data Engineer",70000
"Data Engineer",133800
"Data Engineer",96100
"Data Engineer",202000
"Data Engineer",135000
"Data Engineer",160000
"Data Engineer",110000
"Data Engineer",170000
"Data Engineer",150000
"Data Engineer",175308
"Data Engineer",100706
"Data Engineer",310000
"Data Engineer",229000
"Data Engineer",69751
"Data Engineer",37558
"Data Engineer",226700
"Data Engineer",133300
"Data Engineer",120000
"Data Engineer",100000
"Data Engineer",231250
"Data Engineer",138750
"Data Engineer",199000
"Data Engineer",162000
"Data Engineer",160000
"Data Engineer",135000
"Data Engineer",200000
"Data Engineer",160000
"Data Engineer",187500
"Data Engineer",175000
"Data Engineer",291500
"Data Engineer",180000
"Data Engineer",161800
"Data Engineer",141600
"Data Engineer",166000
"Data Engineer",128000
"Data Engineer",160000
"Data Engineer",75000
"Data Engineer",236000
"Data Engineer",182000
"Data Engineer",160000
"Data Engineer",135000
"Data Engineer",175000
"Data Engineer",155000
"Data Engineer",153600
"Data Engineer",106800
"Data Engineer",170000
"Data Engineer",130000
"Data Engineer",145000
"Data Engineer",100000
"Data Engineer",175000
"Data Engineer",120000
"Data Engineer",145000
"Data Engineer",115000
"Data Engineer",260000
"Data Engineer",175000
"Data Engineer",250000
"Data Engineer",63000
"Data Engineer",150000
"Data Engineer",150000
"Data Engineer",120000
"Data Engineer",95000
"Data Engineer",160000
"Data Engineer",135000
"Data Engineer",216000
"Data Engineer",144000
"Data Engineer",85000
"Data Engineer",65000
"Data Engineer",130000
"Data Engineer",115000
"Data Engineer",105000
"Data Engineer",70000
"Data Engineer",185900
"Data Engineer",129300
"Data Engineer",130000
"Data Engineer",75000
"Data Engineer",167500
"Data Engineer",106500
"Data Engineer",175000
"Data Engineer",120000
"Data Engineer",175000
"Data Engineer",120000
"Data Engineer",200000
"Data Engineer",145000
"Data Engineer",92350
"Data Engineer",73880
"Data Engineer",145000
"Data Engineer",100000
"Data Engineer",310000
"Data Engineer",239000
"Data Engineer",100000
"Data Engineer",78000
"Data Engineer",73546
"Data Engineer",36773
"Data Engineer",160000
"Data Engineer",120000
"Data Engineer",35610
"Data Engineer",120000
"Data Engineer",95000
"Data Engineer",120000
"Data Engineer",95000
"Data Engineer",190000
"Data Engineer",120000
"Data Engineer",210000
"Data Engineer",130000
"Data Engineer",198800
"Data Engineer",122600
"Data Engineer",130000
"Data Engineer",80000
"Data Engineer",160000
"Data Engineer",135000
"Data Engineer",216000
"Data Engineer",144000
"Data Engineer",215000
"Data Engineer",150000
"Data Engineer",187000
"Data Engineer",153000
"Data Engineer",220000
"Data Engineer",146000
"Data Engineer",68293
"Data Engineer",36773
"Data Engineer",120000
"Data Engineer",95000
"Data Engineer",194000
"Data Engineer",129400
"Data Engineer",153600
"Data Engineer",106800
"Data Engineer",216000
"Data Engineer",144000
"Data Engineer",160000
"Data Engineer",135000
"Data Engineer",152500
"Data Engineer",130000
"Data Engineer",178750
"Data Engineer",160000
"Data Engineer",105000
"Data Engineer",70000
"Data Engineer",197430
"Data Engineer",134760
"Data Engineer",197000
"Data Engineer",99000
"Data Engineer",220000
"Data Engineer",162000
"Data Engineer",100000
"Data Engineer",78000
"Data Engineer",120000
"Data Engineer",95000
"Data Engineer",230000
"Data Engineer",154600
"Data Engineer",160000
"Data Engineer",75000
"Data Engineer",213000
"Data Engineer",152000
"Data Engineer",175000
"Data Engineer",150000
"Data Engineer",178000
"Data Engineer",132000
"Data Engineer",300000
"Data Engineer",130000
"Data Engineer",194000
"Data Engineer",129400
"Data Engineer",135000
"Data Engineer",120000
"Data Engineer",160000
"Data Engineer",135000
"Data Engineer",120000
"Data Engineer",95000
"Data Engineer",68293
"Data Engineer",42026
"Data Engineer",191200
"Data Engineer",130000
"Data Engineer",191200
"Data Engineer",130000
"Data Engineer",230000
"Data Engineer",154600
"Data Engineer",120000
"Data Engineer",95000
"Data Engineer",185900
"Data Engineer",129300
"Data Engineer",205000
"Data Engineer",150000
"Data Engineer",179500
"Data Engineer",134000
"Data Engineer",160000
"Data Engineer",90000
"Data Engineer",68293
"Data Engineer",36773
"Data Engineer",145000
"Data Engineer",115000
"Data Engineer",168400
"Data Engineer",105200
"Data Engineer",200000
"Data Engineer",160000
"Data Engineer",125000
"Data Engineer",110000
"Data Engineer",160000
"Data Engineer",135000
"Data Engineer",120000
"Data Engineer",95000
"Data Engineer",153600
"Data Engineer",106800
"Data Engineer",120000
"Data Engineer",95000
"Data Engineer",63040
"Data Engineer",36773
"Data Engineer",310000
"Data Engineer",239000
"Data Engineer",161000
"Data Engineer",118000
"Data Engineer",146000
"Data Engineer",102000
"Data Engineer",135000
"Data Engineer",100000
"Data Engineer",80000
"Data Engineer",65000
"Data Engineer",135000
"Data Engineer",100000
"Data Engineer",61566
"Data Engineer",43096
"Data Engineer",175000
"Data Engineer",135000
"Data Engineer",231250
"Data Engineer",138750
"Data Engineer",231250
"Data Engineer",138750
"Data Engineer",193750
"Data Engineer",116250
"Data Engineer",185900
"Data Engineer",129300
"Data Engineer",160000
"Data Engineer",135000
"Data Engineer",191200
"Data Engineer",130000
"Data Engineer",175000
"Data Engineer",150000
"Data Engineer",170000
"Data Engineer",145000
"Data Engineer",135000
"Data Engineer",100000
"Data Engineer",179305
"Data Engineer",142127
"Data Engineer",315000
"Data Engineer",225000
"Data Engineer",182500
"Data Engineer",128500
"Data Engineer",160000
"Data Engineer",90000
"Data Engineer",170000
"Data Engineer",140000
"Data Engineer",247500
"Data Engineer",172200
"Data Engineer",225000
"Data Engineer",184100
"Data Engineer",161000
"Data Engineer",110000
"Data Engineer",61566
"Data Engineer",49253
"Data Engineer",160000
"Data Engineer",130000
"Data Engineer",135000
"Data Engineer",100000
"Data Engineer",220000
"Data Engineer",150000
"Data Engineer",240000
"Data Engineer",170000
"Data Engineer",275000
"Data Engineer",166000
"Data Engineer",236000
"Data Engineer",182000
"Data Engineer",300000
"Data Engineer",130000
"Data Engineer",195000
"Data Engineer",175000
"Data Engineer",155000
"Data Engineer",110000
"Data Engineer",170000
"Data Engineer",150000
"Data Engineer",97000
"Data Engineer",90000
"Data Engineer",200000
"Data Engineer",160000
"Data Engineer",260000
"Data Engineer",180000
"Data Engineer",171000
"Data Engineer",117000
"Data Engineer",197000
"Data Engineer",99000
"Data Engineer",160000
"Data Engineer",110000
"Data Engineer",170000
"Data Engineer",130000
"Data Engineer",78000
"Data Engineer",42000
"Data Engineer",145000
"Data Engineer",115000
"Data Engineer",205600
"Data Engineer",105700
"Data Engineer",185900
"Data Engineer",129300
"Data Engineer",75050
"Data Engineer",225000
"Data Engineer",184100
"Data Engineer",110820
"Data Engineer",92350
"Data Engineer",185900
"Data Engineer",129300
"Data Engineer",191200
"Data Engineer",130000
"Data Engineer",185000
"Data Engineer",50000
"Data Engineer",185900
"Data Engineer",129300
"Data Engineer",185900
"Data Engineer",129300
"Data Engineer",73546
"Data Engineer",42026
"Data Engineer",170000
"Data Engineer",150000
"Data Engineer",188700
"Data Engineer",160395
"Data Engineer",300000
"Data Engineer",225000
"Data Engineer",200000
"Data Engineer",180000
"Data Engineer",165000
"Data Engineer",132000
"Data Engineer",178800
"Data Engineer",132100
"Data Engineer",160000
"Data Engineer",85000
"Data Engineer",187200
"Data Engineer",116100
"Data Engineer",200000
"Data Engineer",145000
"Data Engineer",229998
"Data Engineer",154545
"Data Engineer",229998
"Data Engineer",154545
"Data Engineer",175000
"Data Engineer",150000
"Data Engineer",160000
"Data Engineer",85000
"Data Engineer",195700
"Data Engineer",130500
"Data Engineer",80036
"Data Engineer",67723
"Data Engineer",141300
"Data Engineer",102100
"Data Engineer",135000
"Data Engineer",80000
"Data Engineer",160000
"Data Engineer",85000
"Data Engineer",178800
"Data Engineer",132100
"Data Engineer",140000
"Data Engineer",105000
"Data Engineer",80036
"Data Engineer",67723
"Data Engineer",150000
"Data Engineer",100000
"Data Engineer",297500
"Data Engineer",260000
"Data Engineer",193000
"Data Engineer",215000
"Data Engineer",164000
"Data Engineer",300000
"Data Engineer",130000
"Data Engineer",250000
"Data Engineer",63000
"Data Engineer",180000
"Data Engineer",150000
"Data Engineer",45390
"Data Engineer",250000
"Data Engineer",63000
"Data Engineer",135000
"Data Engineer",115000
"Data Engineer",84053
"Data Engineer",73546
"Data Engineer",98506
"Data Engineer",86193
"Data Engineer",84053
"Data Engineer",73546
"Data Engineer",104611
"Data Engineer",82280
"Data Engineer",80000
"Data Engineer",105000
"Data Engineer",90000
"Data Engineer",185800
"Data Engineer",137400
"Data Engineer",250000
"Data Engineer",63000
"Data Engineer",135000
"Data Engineer",85000
"Data Engineer",154000
"Data Engineer",126000
"Data Engineer",195700
"Data Engineer",130500
"Data Engineer",98506
"Data Engineer",73880
"Data Engineer",188100
"Data Engineer",139860
"Data Engineer",141300
"Data Engineer",102100
"Data Engineer",177600
"Data Engineer",131300
"Data Engineer",24000
"Data Engineer",24000
"Data Engineer",250000
"Data Engineer",63000
"Data Engineer",145000
"Data Engineer",115000
"Data Engineer",210000
"Data Engineer",100000
"Data Engineer",206699
"Data Engineer",99100
"Data Engineer",250000
"Data Engineer",63000
"Data Engineer",250000
"Data Engineer",63000
"Data Engineer",100000
"Data Engineer",80000
"Data Engineer",91118
"Data Engineer",61566
"Data Engineer",170000
"Data Engineer",130000
"Data Engineer",200000
"Data Engineer",160000
"Data Engineer",135446
"Data Engineer",104663
"Data Engineer",129000
"Data Engineer",86000
"Data Engineer",13493
"Data Engineer",13493
"Data Engineer",210000
"Data Engineer",100000
"Data Engineer",175000
"Data Engineer",135000
"Data Engineer",92350
"Data Engineer",67723
"Data Engineer",65666
"Data Engineer",110820
"Data Engineer",92350
"Data Engineer",209100
"Data Engineer",154600
"Data Engineer",175000
"Data Engineer",155000
"Data Engineer",165400
"Data Engineer",132320
"Data Engineer",136994
"Data Engineer",101570
"Data Engineer",183600
"Data Engineer",100800
"Data Engineer",84053
"Data Engineer",73546
"Data Engineer",98506
"Data Engineer",86193
"Data Engineer",84053
"Data Engineer",73546
"Data Engineer",92350
"Data Engineer",73880
"Data Engineer",63040
"Data Engineer",47280
"Data Engineer",63040
"Data Engineer",47280
"Data Engineer",73880
"Data Engineer",55410
"Data Engineer",82900
"Data Engineer",63900
"Data Engineer",136000
"Data Engineer",108800
"Data Engineer",242000
"Data Engineer",200000
"Data Engineer",73880
"Data Engineer",49253
"Data Engineer",181940
"Data Engineer",132320
"Data Engineer",220110
"Data Engineer",160080
"Data Engineer",170000
"Data Engineer",150000
"Data Engineer",49253
"Data Engineer",43096
"Data Engineer",73880
"Data Engineer",61566
"Data Engineer",160000
"Data Engineer",113000
"Data Engineer",165400
"Data Engineer",132320
"Data Engineer",243900
"Data Engineer",156600
"Data Engineer",128875
"Data Engineer",93700
"Data Engineer",209100
"Data Engineer",154600
"Data Engineer",180000
"Data Engineer",160000
"Data Engineer",200100
"Data Engineer",160000
"Data Engineer",70500
"Data Engineer",54000
"Data Engineer",175100
"Data Engineer",140250
"Data Engineer",145000
"Data Engineer",130000
"Data Engineer",155000
"Data Engineer",115000
"Data Engineer",206699
"Data Engineer",99100
"Data Engineer",130000
"Data Engineer",110500
"Data Engineer",154000
"Data Engineer",126000
"Data Engineer",100000
"Data Engineer",25000
"Data Engineer",220110
"Data Engineer",160080
"Data Engineer",324000
"Data Engineer",216000
"Data Engineer",210000
"Data Engineer",100000
"Data Engineer",105000
"Data Engineer",80000
"Data Engineer",52533
"Data Engineer",65000
"Data Engineer",135000
"Data Engineer",115000
"Data Engineer",54742
"Data Engineer",55475
"Data Engineer",150000
"Data Engineer",65141
"Data Engineer",120000
"Data Engineer",200000
"Data Engineer",100000
"Data Engineer",59303
"Data Engineer",82528
"Data Engineer",80000
"Data Engineer",153000
"Data Engineer",90000
"Data Engineer",140000
"Data Engineer",79833
"Data Engineer",113476
"Data Engineer",30428
"Data Engineer",150000
"Data Engineer",115000
"Data Engineer",106000
"Data Engineer",112872
"Data Engineer",150000
"Data Engineer",188000
"Data Engineer",200000
"Data Engineer",174000
"Data Engineer",70139
"Data Engineer",33511
"Data Engineer",96282
"Data Engineer",72212
"Data Engineer",21637
"Data Engineer",200000
"Data Engineer",110000
"Data Engineer",72500
"Data Engineer",69741
"Data Engineer",112000
"Data Engineer",65013
"Data Engineer",111775
"Data Engineer",93150
"Data Engineer",26005
"Data Engineer",47899
"Data Engineer",66022
"Data Engineer",20000
"Data Engineer",165000
"Data Engineer",110000
"Data Engineer",76833
"Data Engineer",45391
"Data Engineer",130800
"Data Scientist",175000
"Data Scientist",120000
"Data Scientist",219000
"Data Scientist",141000
"Data Scientist",147100
"Data Scientist",90700
"Data Scientist",170000
"Data Scientist",150000
"Data Scientist",212750
"Data Scientist",185000
"Data Scientist",262000
"Data Scientist",245000
"Data Scientist",275300
"Data Scientist",183500
"Data Scientist",218500
"Data Scientist",199098
"Data Scientist",258750
"Data Scientist",185000
"Data Scientist",172500
"Data Scientist",110500
"Data Scientist",237000
"Data Scientist",201450
"Data Scientist",48289
"Data Scientist",38631
"Data Scientist",105000
"Data Scientist",70000
"Data Scientist",150000
"Data Scientist",120000
"Data Scientist",138784
"Data Scientist",83270
"Data Scientist",195000
"Data Scientist",160000
"Data Scientist",66837
"Data Scientist",54685
"Data Scientist",228000
"Data Scientist",186000
"Data Scientist",190000
"Data Scientist",170000
"Data Scientist",224000
"Data Scientist",176000
"Data Scientist",250000
"Data Scientist",162500
"Data Scientist",203500
"Data Scientist",152000
"Data Scientist",239000
"Data Scientist",122900
"Data Scientist",237000
"Data Scientist",145000
"Data Scientist",88256
"Data Scientist",175000
"Data Scientist",145000
"Data Scientist",48289
"Data Scientist",38631
"Data Scientist",195000
"Data Scientist",160000
"Data Scientist",170000
"Data Scientist",135000
"Data Scientist",175000
"Data Scientist",145000
"Data Scientist",199000
"Data Scientist",162000
"Data Scientist",175000
"Data Scientist",100000
"Data Scientist",245000
"Data Scientist",180000
"Data Scientist",210000
"Data Scientist",155000
"Data Scientist",165000
"Data Scientist",140000
"Data Scientist",51753
"Data Scientist",130001
"Data Scientist",71907
"Data Scientist",93918
"Data Scientist",51962
"Data Scientist",203000
"Data Scientist",133200
"Data Scientist",185900
"Data Scientist",129300
"Data Scientist",238000
"Data Scientist",156000
"Data Scientist",140000
"Data Scientist",110000
"Data Scientist",157750
"Data Scientist",104650
"Data Scientist",180000
"Data Scientist",140000
"Data Scientist",200000
"Data Scientist",145000
"Data Scientist",48289
"Data Scientist",38631
"Data Scientist",252000
"Data Scientist",154000
"Data Scientist",191765
"Data Scientist",134236
"Data Scientist",175000
"Data Scientist",145000
"Data Scientist",237000
"Data Scientist",145000
"Data Scientist",200000
"Data Scientist",170000
"Data Scientist",258000
"Data Scientist",190000
"Data Scientist",170000
"Data Scientist",135000
"Data Scientist",195000
"Data Scientist",160000
"Data Scientist",297300
"Data Scientist",198200
"Data Scientist",200000
"Data Scientist",170000
"Data Scientist",317070
"Data Scientist",170730
"Data Scientist",225000
"Data Scientist",175000
"Data Scientist",275300
"Data Scientist",183000
"Data Scientist",185900
"Data Scientist",129300
"Data Scientist",173000
"Data Scientist",132000
"Data Scientist",275300
"Data Scientist",183500
"Data Scientist",145000
"Data Scientist",100000
"Data Scientist",275300
"Data Scientist",183500
"Data Scientist",78990
"Data Scientist",51039
"Data Scientist",190000
"Data Scientist",120000
"Data Scientist",85066
"Data Scientist",51039
"Data Scientist",109371
"Data Scientist",72914
"Data Scientist",73546
"Data Scientist",60093
"Data Scientist",201036
"Data Scientist",134024
"Data Scientist",172000
"Data Scientist",115000
"Data Scientist",237000
"Data Scientist",145000
"Data Scientist",258000
"Data Scientist",190000
"Data Scientist",239748
"Data Scientist",159832
"Data Scientist",186300
"Data Scientist",102500
"Data Scientist",190000
"Data Scientist",126000
"Data Scientist",175000
"Data Scientist",120000
"Data Scientist",145000
"Data Scientist",100000
"Data Scientist",210000
"Data Scientist",160000
"Data Scientist",145000
"Data Scientist",100000
"Data Scientist",200000
"Data Scientist",145000
"Data Scientist",205000
"Data Scientist",140000
"Data Scientist",297300
"Data Scientist",198200
"Data Scientist",17022
"Data Scientist",105000
"Data Scientist",70000
"Data Scientist",59020
"Data Scientist",48289
"Data Scientist",239748
"Data Scientist",159832
"Data Scientist",128750
"Data Scientist",106250
"Data Scientist",210550
"Data Scientist",153300
"Data Scientist",200000
"Data Scientist",150000
"Data Scientist",175000
"Data Scientist",148750
"Data Scientist",186300
"Data Scientist",123900
"Data Scientist",64385
"Data Scientist",149076
"Data Scientist",82365
"Data Scientist",150000
"Data Scientist",97750
"Data Scientist",201000
"Data Scientist",122000
"Data Scientist",116990
"Data Scientist",82920
"Data Scientist",185900
"Data Scientist",129300
"Data Scientist",201000
"Data Scientist",122000
"Data Scientist",190000
"Data Scientist",136000
"Data Scientist",275300
"Data Scientist",183000
"Data Scientist",175000
"Data Scientist",160000
"Data Scientist",225000
"Data Scientist",156400
"Data Scientist",260000
"Data Scientist",186000
"Data Scientist",48289
"Data Scientist",38631
"Data Scientist",150000
"Data Scientist",120000
"Data Scientist",40000
"Data Scientist",136000
"Data Scientist",104000
"Data Scientist",185900
"Data Scientist",129300
"Data Scientist",149076
"Data Scientist",82365
"Data Scientist",168000
"Data Scientist",147100
"Data Scientist",90700
"Data Scientist",300240
"Data Scientist",200160
"Data Scientist",300240
"Data Scientist",200160
"Data Scientist",370000
"Data Scientist",245000
"Data Scientist",126500
"Data Scientist",78000
"Data Scientist",155000
"Data Scientist",139500
"Data Scientist",19522
"Data Scientist",225000
"Data Scientist",156400
"Data Scientist",185900
"Data Scientist",129300
"Data Scientist",215050
"Data Scientist",156400
"Data Scientist",209300
"Data Scientist",182200
"Data Scientist",85000
"Data Scientist",9727
"Data Scientist",170000
"Data Scientist",120000
"Data Scientist",145000
"Data Scientist",135000
"Data Scientist",170000
"Data Scientist",90000
"Data Scientist",149076
"Data Scientist",82365
"Data Scientist",175000
"Data Scientist",148750
"Data Scientist",235000
"Data Scientist",185000
"Data Scientist",216100
"Data Scientist",140800
"Data Scientist",110000
"Data Scientist",151410
"Data Scientist",115360
"Data Scientist",12767
"Data Scientist",250000
"Data Scientist",162500
"Data Scientist",185000
"Data Scientist",120250
"Data Scientist",180000
"Data Scientist",225000
"Data Scientist",156400
"Data Scientist",225000
"Data Scientist",156400
"Data Scientist",165000
"Data Scientist",144000
"Data Scientist",105000
"Data Scientist",70000
"Data Scientist",183000
"Data Scientist",134000
"Data Scientist",225000
"Data Scientist",156400
"Data Scientist",228000
"Data Scientist",152000
"Data Scientist",209450
"Data Scientist",158677
"Data Scientist",155000
"Data Scientist",237000
"Data Scientist",145000
"Data Scientist",240000
"Data Scientist",139000
"Data Scientist",285800
"Data Scientist",154600
"Data Scientist",124234
"Data Scientist",74540
"Data Scientist",275300
"Data Scientist",183500
"Data Scientist",275300
"Data Scientist",183500
"Data Scientist",150000
"Data Scientist",120000
"Data Scientist",12888
"Data Scientist",136000
"Data Scientist",104000
"Data Scientist",110000
"Data Scientist",84000
"Data Scientist",190000
"Data Scientist",165000
"Data Scientist",225000
"Data Scientist",156400
"Data Scientist",257000
"Data Scientist",134000
"Data Scientist",237000
"Data Scientist",145000
"Data Scientist",130000
"Data Scientist",90000
"Data Scientist",183310
"Data Scientist",183310
"Data Scientist",210000
"Data Scientist",185000
"Data Scientist",220000
"Data Scientist",146000
"Data Scientist",182000
"Data Scientist",140000
"Data Scientist",300000
"Data Scientist",200000
"Data Scientist",110000
"Data Scientist",136000
"Data Scientist",104000
"Data Scientist",168000
"Data Scientist",130000
"Data Scientist",153400
"Data Scientist",122700
"Data Scientist",185000
"Data Scientist",160000
"Data Scientist",205000
"Data Scientist",185000
"Data Scientist",50000
"Data Scientist",223800
"Data Scientist",172100
"Data Scientist",180000
"Data Scientist",150000
"Data Scientist",168400
"Data Scientist",105200
"Data Scientist",297300
"Data Scientist",198200
"Data Scientist",110000
"Data Scientist",84000
"Data Scientist",185900
"Data Scientist",129300
"Data Scientist",187500
"Data Scientist",165000
"Data Scientist",135000
"Data Scientist",115000
"Data Scientist",170000
"Data Scientist",140000
"Data Scientist",54094
"Data Scientist",100000
"Data Scientist",272550
"Data Scientist",198200
"Data Scientist",182000
"Data Scientist",140000
"Data Scientist",120000
"Data Scientist",105000
"Data Scientist",143100
"Data Scientist",113000
"Data Scientist",140000
"Data Scientist",120000
"Data Scientist",180560
"Data Scientist",115440
"Data Scientist",140000
"Data Scientist",120000
"Data Scientist",120000
"Data Scientist",110000
"Data Scientist",130000
"Data Scientist",13989
"Data Scientist",130000
"Data Scientist",90000
"Data Scientist",150000
"Data Scientist",140000
"Data Scientist",150000
"Data Scientist",127500
"Data Scientist",126500
"Data Scientist",51000
"Data Scientist",272550
"Data Scientist",198200
"Data Scientist",94560
"Data Scientist",52533
"Data Scientist",220000
"Data Scientist",146000
"Data Scientist",140000
"Data Scientist",120000
"Data Scientist",150000
"Data Scientist",110000
"Data Scientist",190000
"Data Scientist",155000
"Data Scientist",92350
"Data Scientist",67723
"Data Scientist",145000
"Data Scientist",100000
"Data Scientist",31795
"Data Scientist",190000
"Data Scientist",150000
"Data Scientist",47280
"Data Scientist",37824
"Data Scientist",175000
"Data Scientist",140000
"Data Scientist",249500
"Data Scientist",149850
"Data Scientist",210000
"Data Scientist",150000
"Data Scientist",182750
"Data Scientist",161500
"Data Scientist",136000
"Data Scientist",104000
"Data Scientist",159000
"Data Scientist",130000
"Data Scientist",124234
"Data Scientist",74540
"Data Scientist",47280
"Data Scientist",37824
"Data Scientist",128000
"Data Scientist",81500
"Data Scientist",173000
"Data Scientist",110000
"Data Scientist",165000
"Data Scientist",125000
"Data Scientist",180000
"Data Scientist",120000
"Data Scientist",63040
"Data Scientist",52533
"Data Scientist",130000
"Data Scientist",95000
"Data Scientist",203500
"Data Scientist",152000
"Data Scientist",120000
"Data Scientist",185900
"Data Scientist",129300
"Data Scientist",47280
"Data Scientist",37824
"Data Scientist",140000
"Data Scientist",120000
"Data Scientist",110000
"Data Scientist",70000
"Data Scientist",64090
"Data Scientist",60938
"Data Scientist",130000
"Data Scientist",90000
"Data Scientist",140000
"Data Scientist",120000
"Data Scientist",180000
"Data Scientist",120000
"Data Scientist",185900
"Data Scientist",129300
"Data Scientist",175000
"Data Scientist",145000
"Data Scientist",47280
"Data Scientist",37824
"Data Scientist",198800
"Data Scientist",122600
"Data Scientist",148000
"Data Scientist",107000
"Data Scientist",168000
"Data Scientist",130000
"Data Scientist",136000
"Data Scientist",104000
"Data Scientist",185900
"Data Scientist",129300
"Data Scientist",80000
"Data Scientist",208000
"Data Scientist",127000
"Data Scientist",47280
"Data Scientist",37824
"Data Scientist",205000
"Data Scientist",185000
"Data Scientist",185900
"Data Scientist",129300
"Data Scientist",185900
"Data Scientist",129300
"Data Scientist",225000
"Data Scientist",156400
"Data Scientist",185900
"Data Scientist",129300
"Data Scientist",140700
"Data Scientist",93800
"Data Scientist",350000
"Data Scientist",135000
"Data Scientist",247500
"Data Scientist",172200
"Data Scientist",177500
"Data Scientist",134000
"Data Scientist",185900
"Data Scientist",129300
"Data Scientist",243900
"Data Scientist",156600
"Data Scientist",120000
"Data Scientist",100000
"Data Scientist",85000
"Data Scientist",78000
"Data Scientist",136000
"Data Scientist",104000
"Data Scientist",47280
"Data Scientist",37824
"Data Scientist",245000
"Data Scientist",180000
"Data Scientist",198440
"Data Scientist",144000
"Data Scientist",198440
"Data Scientist",144000
"Data Scientist",57872
"Data Scientist",39925
"Data Scientist",159699
"Data Scientist",138938
"Data Scientist",180000
"Data Scientist",140000
"Data Scientist",225000
"Data Scientist",156400
"Data Scientist",180000
"Data Scientist",100000
"Data Scientist",175000
"Data Scientist",122500
"Data Scientist",202800
"Data Scientist",104300
"Data Scientist",185900
"Data Scientist",129300
"Data Scientist",30000
"Data Scientist",84000
"Data Scientist",54000
"Data Scientist",80000
"Data Scientist",73742
"Data Scientist",33246
"Data Scientist",185900
"Data Scientist",129300
"Data Scientist",225000
"Data Scientist",156400
"Data Scientist",185900
"Data Scientist",129300
"Data Scientist",155000
"Data Scientist",38000
"Data Scientist",155000
"Data Scientist",38000
"Data Scientist",153600
"Data Scientist",106800
"Data Scientist",185000
"Data Scientist",50000
"Data Scientist",155000
"Data Scientist",38000
"Data Scientist",168000
"Data Scientist",130000
"Data Scientist",123400
"Data Scientist",88100
"Data Scientist",120000
"Data Scientist",55000
"Data Scientist",185900
"Data Scientist",129300
"Data Scientist",185900
"Data Scientist",129300
"Data Scientist",225000
"Data Scientist",156400
"Data Scientist",200000
"Data Scientist",175000
"Data Scientist",185000
"Data Scientist",50000
"Data Scientist",47280
"Data Scientist",37824
"Data Scientist",144200
"Data Scientist",115360
"Data Scientist",83171
"Data Scientist",108000
"Data Scientist",198440
"Data Scientist",144000
"Data Scientist",75648
"Data Scientist",198440
"Data Scientist",144000
"Data Scientist",215000
"Data Scientist",159000
"Data Scientist",236900
"Data Scientist",159200
"Data Scientist",148000
"Data Scientist",128000
"Data Scientist",191475
"Data Scientist",141525
"Data Scientist",218000
"Data Scientist",145300
"Data Scientist",191475
"Data Scientist",141525
"Data Scientist",207000
"Data Scientist",153000
"Data Scientist",191475
"Data Scientist",141525
"Data Scientist",191475
"Data Scientist",141525
"Data Scientist",191475
"Data Scientist",141525
"Data Scientist",191475
"Data Scientist",141525
"Data Scientist",207000
"Data Scientist",153000
"Data Scientist",191475
"Data Scientist",141525
"Data Scientist",191475
"Data Scientist",141525
"Data Scientist",191475
"Data Scientist",141525
"Data Scientist",102200
"Data Scientist",22892
"Data Scientist",180000
"Data Scientist",165000
"Data Scientist",179400
"Data Scientist",154000
"Data Scientist",93000
"Data Scientist",73000
"Data Scientist",136994
"Data Scientist",101570
"Data Scientist",191475
"Data Scientist",141525
"Data Scientist",172000
"Data Scientist",140000
"Data Scientist",191475
"Data Scientist",141525
"Data Scientist",73546
"Data Scientist",50000
"Data Scientist",151800
"Data Scientist",130240
"Data Scientist",179400
"Data Scientist",154000
"Data Scientist",191475
"Data Scientist",141525
"Data Scientist",191475
"Data Scientist",141525
"Data Scientist",191475
"Data Scientist",141525
"Data Scientist",191475
"Data Scientist",141525
"Data Scientist",191475
"Data Scientist",141525
"Data Scientist",191475
"Data Scientist",141525
"Data Scientist",191475
"Data Scientist",141525
"Data Scientist",191475
"Data Scientist",141525
"Data Scientist",31520
"Data Scientist",204100
"Data Scientist",136100
"Data Scientist",118208
"Data Scientist",110820
"Data Scientist",191475
"Data Scientist",141525
"Data Scientist",191475
"Data Scientist",141525
"Data Scientist",191475
"Data Scientist",141525
"Data Scientist",170000
"Data Scientist",130000
"Data Scientist",175000
"Data Scientist",140000
"Data Scientist",160000
"Data Scientist",119300
"Data Scientist",225000
"Data Scientist",160000
"Data Scientist",54634
"Data Scientist",82000
"Data Scientist",110000
"Data Scientist",203500
"Data Scientist",152000
"Data Scientist",170000
"Data Scientist",120000
"Data Scientist",115573
"Data Scientist",89306
"Data Scientist",123400
"Data Scientist",88100
"Data Scientist",245000
"Data Scientist",205000
"Data Scientist",180000
"Data Scientist",140000
"Data Scientist",131752
"Data Scientist",160000
"Data Scientist",100000
"Data Scientist",60938
"Data Scientist",80036
"Data Scientist",160000
"Data Scientist",92000
"Data Scientist",160000
"Data Scientist",119300
"Data Scientist",153000
"Data Scientist",160000
"Data Scientist",92000
"Data Scientist",186000
"Data Scientist",148800
"Data Scientist",49268
"Data Scientist",215300
"Data Scientist",158200
"Data Scientist",170000
"Data Scientist",123000
"Data Scientist",215300
"Data Scientist",140400
"Data Scientist",260000
"Data Scientist",180000
"Data Scientist",67723
"Data Scientist",43096
"Data Scientist",180000
"Data Scientist",80000
"Data Scientist",61566
"Data Scientist",36940
"Data Scientist",165220
"Data Scientist",120160
"Data Scientist",180000
"Data Scientist",120000
"Data Scientist",130000
"Data Scientist",90000
"Data Scientist",136620
"Data Scientist",99360
"Data Scientist",110820
"Data Scientist",98506
"Data Scientist",146000
"Data Scientist",123000
"Data Scientist",167000
"Data Scientist",123000
"Data Scientist",211500
"Data Scientist",138600
"Data Scientist",150000
"Data Scientist",95550
"Data Scientist",205300
"Data Scientist",140400
"Data Scientist",176000
"Data Scientist",144000
"Data Scientist",205300
"Data Scientist",140400
"Data Scientist",141300
"Data Scientist",102100
"Data Scientist",230000
"Data Scientist",150000
"Data Scientist",160000
"Data Scientist",130000
"Data Scientist",210000
"Data Scientist",140000
"Data Scientist",210000
"Data Scientist",140000
"Data Scientist",210000
"Data Scientist",140000
"Data Scientist",210000
"Data Scientist",140000
"Data Scientist",230000
"Data Scientist",140000
"Data Scientist",220000
"Data Scientist",140000
"Data Scientist",172386
"Data Scientist",86193
"Data Scientist",200000
"Data Scientist",120000
"Data Scientist",185100
"Data Scientist",104890
"Data Scientist",30523
"Data Scientist",17805
"Data Scientist",109000
"Data Scientist",67597
"Data Scientist",51081
"Data Scientist",78000
"Data Scientist",83171
"Data Scientist",165000
"Data Scientist",100000
"Data Scientist",135000
"Data Scientist",80000
"Data Scientist",48000
"Data Scientist",100000
"Data Scientist",100000
"Data Scientist",82500
"Data Scientist",49646
"Data Scientist",9466
"Data Scientist",68428
"Data Scientist",75774
"Data Scientist",150000
"Data Scientist",45760
"Data Scientist",53192
"Data Scientist",76958
"Data Scientist",29751
"Data Scientist",105000
"Data Scientist",28399
"Data Scientist",90000
"Data Scientist",36643
"Data Scientist",165000
"Data Scientist",103691
"Data Scientist",79833
"Data Scientist",58000
"Data Scientist",100000
"Data Scientist",77684
"Data Scientist",25532
"Data Scientist",16904
"Data Scientist",135000
"Data Scientist",147000
"Data Scientist",51321
"Data Scientist",40481
"Data Scientist",39916
"Data Scientist",90734
"Data Scientist",5679
"Data Scientist",37825
"Data Scientist",56256
"Data Scientist",33808
"Data Scientist",116914
"Data Scientist",88654
"Data Scientist",160000
"Data Scientist",12901
"Data Scientist",42197
"Data Scientist",62726
"Data Scientist",90734
"Data Scientist",120000
"Data Scientist",87738
"Data Scientist",130000
"Data Scientist",38776
"Data Scientist",46809
"Data Scientist",115000
"Data Scientist",73000
"Data Scientist",118000
"Data Scientist",138350
"Data Scientist",412000
"Data Scientist",105000
"Machine Learning Engineer",200000
"Machine Learning Engineer",130000
"Machine Learning Engineer",20984
"Machine Learning Engineer",150000
"Machine Learning Engineer",96578
"Machine Learning Engineer",163196
"Machine Learning Engineer",145885
"Machine Learning Engineer",283200
"Machine Learning Engineer",188800
"Machine Learning Engineer",342300
"Machine Learning Engineer",176100
"Machine Learning Engineer",318300
"Machine Learning Engineer",212200
"Machine Learning Engineer",190000
"Machine Learning Engineer",150000
"Machine Learning Engineer",300000
"Machine Learning Engineer",250000
"Machine Learning Engineer",247500
"Machine Learning Engineer",172200
"Machine Learning Engineer",280700
"Machine Learning Engineer",150450
"Machine Learning Engineer",257000
"Machine Learning Engineer",147000
"Machine Learning Engineer",304000
"Machine Learning Engineer",199000
"Machine Learning Engineer",289076
"Machine Learning Engineer",202353
"Machine Learning Engineer",241000
"Machine Learning Engineer",181000
"Machine Learning Engineer",170000
"Machine Learning Engineer",130000
"Machine Learning Engineer",125000
"Machine Learning Engineer",100000
"Machine Learning Engineer",115000
"Machine Learning Engineer",95000
"Machine Learning Engineer",247500
"Machine Learning Engineer",172200
"Machine Learning Engineer",135000
"Machine Learning Engineer",216000
"Machine Learning Engineer",184000
"Machine Learning Engineer",130000
"Machine Learning Engineer",90000
"Machine Learning Engineer",150000
"Machine Learning Engineer",120000
"Machine Learning Engineer",250000
"Machine Learning Engineer",150000
"Machine Learning Engineer",139500
"Machine Learning Engineer",109400
"Machine Learning Engineer",195652
"Machine Learning Engineer",101228
"Machine Learning Engineer",247500
"Machine Learning Engineer",172200
"Machine Learning Engineer",163800
"Machine Learning Engineer",126000
"Machine Learning Engineer",153400
"Machine Learning Engineer",122700
"Machine Learning Engineer",153400
"Machine Learning Engineer",122700
"Machine Learning Engineer",247500
"Machine Learning Engineer",172200
"Machine Learning Engineer",139500
"Machine Learning Engineer",109400
"Machine Learning Engineer",204500
"Machine Learning Engineer",142200
"Machine Learning Engineer",163800
"Machine Learning Engineer",126000
"Machine Learning Engineer",204500
"Machine Learning Engineer",142200
"Machine Learning Engineer",204500
"Machine Learning Engineer",142200
"Machine Learning Engineer",200000
"Machine Learning Engineer",175000
"Machine Learning Engineer",204500
"Machine Learning Engineer",142200
"Machine Learning Engineer",153400
"Machine Learning Engineer",122700
"Machine Learning Engineer",247500
"Machine Learning Engineer",172200
"Machine Learning Engineer",128280
"Machine Learning Engineer",106900
"Machine Learning Engineer",275000
"Machine Learning Engineer",174000
"Machine Learning Engineer",139500
"Machine Learning Engineer",109400
"Machine Learning Engineer",163800
"Machine Learning Engineer",126000
"Machine Learning Engineer",269000
"Machine Learning Engineer",158000
"Machine Learning Engineer",323300
"Machine Learning Engineer",184700
"Machine Learning Engineer",186000
"Machine Learning Engineer",153088
"Machine Learning Engineer",200000
"Machine Learning Engineer",150000
"Machine Learning Engineer",240000
"Machine Learning Engineer",180000
"Machine Learning Engineer",200000
"Machine Learning Engineer",150000
"Machine Learning Engineer",148500
"Machine Learning Engineer",126277
"Machine Learning Engineer",139500
"Machine Learning Engineer",109400
"Machine Learning Engineer",288000
"Machine Learning Engineer",140000
"Machine Learning Engineer",288000
"Machine Learning Engineer",140000
"Machine Learning Engineer",204500
"Machine Learning Engineer",142200
"Machine Learning Engineer",48609
"Machine Learning Engineer",147100
"Machine Learning Engineer",90700
"Machine Learning Engineer",220000
"Machine Learning Engineer",170000
"Machine Learning Engineer",284310
"Machine Learning Engineer",153090
"Machine Learning Engineer",318300
"Machine Learning Engineer",188800
"Machine Learning Engineer",36000
"Machine Learning Engineer",121523
"Machine Learning Engineer",97218
"Machine Learning Engineer",145828
"Machine Learning Engineer",121523
"Machine Learning Engineer",204500
"Machine Learning Engineer",142200
"Machine Learning Engineer",163800
"Machine Learning Engineer",126000
"Machine Learning Engineer",150000
"Machine Learning Engineer",125000
"Machine Learning Engineer",110000
"Machine Learning Engineer",220000
"Machine Learning Engineer",150000
"Machine Learning Engineer",276000
"Machine Learning Engineer",184000
"Machine Learning Engineer",180000
"Machine Learning Engineer",150000
"Machine Learning Engineer",84053
"Machine Learning Engineer",204500
"Machine Learning Engineer",142200
"Machine Learning Engineer",145000
"Machine Learning Engineer",87000
"Machine Learning Engineer",145000
"Machine Learning Engineer",135000
"Machine Learning Engineer",219000
"Machine Learning Engineer",175000
"Machine Learning Engineer",140000
"Machine Learning Engineer",109006
"Machine Learning Engineer",67141
"Machine Learning Engineer",204500
"Machine Learning Engineer",142200
"Machine Learning Engineer",204500
"Machine Learning Engineer",142200
"Machine Learning Engineer",75344
"Machine Learning Engineer",63192
"Machine Learning Engineer",58331
"Machine Learning Engineer",46178
"Machine Learning Engineer",261500
"Machine Learning Engineer",134500
"Machine Learning Engineer",210000
"Machine Learning Engineer",160000
"Machine Learning Engineer",246000
"Machine Learning Engineer",201000
"Machine Learning Engineer",204500
"Machine Learning Engineer",142200
"Machine Learning Engineer",192000
"Machine Learning Engineer",164000
"Machine Learning Engineer",145000
"Machine Learning Engineer",135000
"Machine Learning Engineer",210000
"Machine Learning Engineer",150000
"Machine Learning Engineer",246000
"Machine Learning Engineer",201000
"Machine Learning Engineer",255000
"Machine Learning Engineer",185000
"Machine Learning Engineer",192000
"Machine Learning Engineer",120000
"Machine Learning Engineer",130000
"Machine Learning Engineer",90000
"Machine Learning Engineer",230000
"Machine Learning Engineer",150000
"Machine Learning Engineer",204500
"Machine Learning Engineer",142200
"Machine Learning Engineer",189750
"Machine Learning Engineer",140250
"Machine Learning Engineer",115573
"Machine Learning Engineer",73546
"Machine Learning Engineer",204500
"Machine Learning Engineer",142200
"Machine Learning Engineer",204500
"Machine Learning Engineer",142200
"Machine Learning Engineer",247500
"Machine Learning Engineer",172200
"Machine Learning Engineer",204500
"Machine Learning Engineer",142200
"Machine Learning Engineer",104663
"Machine Learning Engineer",80036
"Machine Learning Engineer",201000
"Machine Learning Engineer",119000
"Machine Learning Engineer",130000
"Machine Learning Engineer",90000
"Machine Learning Engineer",187200
"Machine Learning Engineer",116100
"Machine Learning Engineer",204500
"Machine Learning Engineer",142200
"Machine Learning Engineer",210000
"Machine Learning Engineer",180000
"Machine Learning Engineer",108000
"Machine Learning Engineer",210000
"Machine Learning Engineer",180000
"Machine Learning Engineer",140000
"Machine Learning Engineer",110000
"Machine Learning Engineer",210000
"Machine Learning Engineer",180000
"Machine Learning Engineer",195400
"Machine Learning Engineer",131300
"Machine Learning Engineer",128058
"Machine Learning Engineer",186000
"Machine Learning Engineer",148800
"Machine Learning Engineer",135000
"Machine Learning Engineer",85000
"Machine Learning Engineer",189650
"Machine Learning Engineer",164996
"Machine Learning Engineer",200000
"Machine Learning Engineer",150000
"Machine Learning Engineer",193900
"Machine Learning Engineer",129300
"Machine Learning Engineer",55410
"Machine Learning Engineer",248700
"Machine Learning Engineer",167100
"Machine Learning Engineer",202900
"Machine Learning Engineer",131300
"Machine Learning Engineer",115000
"Machine Learning Engineer",193900
"Machine Learning Engineer",129300
"Machine Learning Engineer",30000
"Machine Learning Engineer",180000
"Machine Learning Engineer",100000
"Machine Learning Engineer",202900
"Machine Learning Engineer",131300
"Machine Learning Engineer",83000
"Machine Learning Engineer",116976
"Machine Learning Engineer",92350
"Machine Learning Engineer",84053
"Machine Learning Engineer",189650
"Machine Learning Engineer",164996
"Machine Learning Engineer",35093
"Machine Learning Engineer",189650
"Machine Learning Engineer",164996
"Machine Learning Engineer",214000
"Machine Learning Engineer",192600
"Machine Learning Engineer",220000
"Machine Learning Engineer",120000
"Machine Learning Engineer",120000
"Machine Learning Engineer",83864
"Machine Learning Engineer",59888
"Machine Learning Engineer",20000
"Machine Learning Engineer",125000
"Machine Learning Engineer",47282
"Machine Learning Engineer",250000
"Machine Learning Engineer",138000
"Machine Learning Engineer",94564
"Machine Learning Engineer",185000
"Machine Learning Engineer",150000
"Machine Learning Engineer",85000
"Machine Learning Engineer",66265
"Machine Learning Engineer",24823
"Machine Learning Engineer",24342
"Machine Learning Engineer",81000
"Machine Learning Engineer",200000
"Research Scientist",220000
"Research Scientist",130000
"Research Scientist",110000
"Research Scientist",210000
"Research Scientist",136000
"Research Scientist",195895
"Research Scientist",102772
"Research Scientist",210000
"Research Scientist",151800
"Research Scientist",200000
"Research Scientist",150000
"Research Scientist",250000
"Research Scientist",200000
"Research Scientist",141288
"Research Scientist",94192
"Research Scientist",150000
"Research Scientist",100000
"Research Scientist",185000
"Research Scientist",125000
"Research Scientist",215000
"Research Scientist",146300
"Research Scientist",340000
"Research Scientist",150000
"Research Scientist",150000
"Research Scientist",100000
"Research Scientist",250000
"Research Scientist",200000
"Research Scientist",200000
"Research Scientist",150000
"Research Scientist",185000
"Research Scientist",125000
"Research Scientist",253750
"Research Scientist",169200
"Research Scientist",253750
"Research Scientist",169200
"Research Scientist",370000
"Research Scientist",200000
"Research Scientist",248100
"Research Scientist",145900
"Research Scientist",85000
"Research Scientist",70000
"Research Scientist",23000
"Research Scientist",210000
"Research Scientist",151800
"Research Scientist",180000
"Research Scientist",145000
"Research Scientist",150000
"Research Scientist",120000
"Research Scientist",210000
"Research Scientist",165750
"Research Scientist",200000
"Research Scientist",150000
"Research Scientist",250000
"Research Scientist",200000
"Research Scientist",248100
"Research Scientist",145900
"Research Scientist",249500
"Research Scientist",149850
"Research Scientist",210000
"Research Scientist",150000
"Research Scientist",300000
"Research Scientist",196000
"Research Scientist",126080
"Research Scientist",84053
"Research Scientist",145000
"Research Scientist",84053
"Research Scientist",89306
"Research Scientist",120000
"Research Scientist",144000
"Research Scientist",62649
"Research Scientist",450000
"Research Scientist",82528
"Research Scientist",187442
"Research Scientist",60757
"Research Scientist",42000
"Research Scientist",63810
"Research Scientist",96113
"Research Scientist",56738
"Research Scientist",50000
